subreddit,stability_margin,Q_regime,Q_regime_raw,Q_regime_r_xval,Q_regime_p_xval,regime,alpha_gov,alpha_gov_min,Xi,C_volatility
AskHistorians,,0.5,0.0,-0.05411235756535489,0.842234439875167,Indeterminate,0.2488783888869481,inf,,0.0274225104418865
AskReddit,,0.5,0.0,-0.05411235756535489,0.842234439875167,Indeterminate,0.2784035794031365,inf,,0.0041218749548676
CoonTown,,0.5,0.0,-0.05411235756535489,0.842234439875167,Structural instability,0.282619206379039,inf,-0.08282255767635,0.0203895613916148
KotakuInAction,,0.5,0.0,-0.05411235756535489,0.842234439875167,Structural instability,0.2764122126137005,inf,-0.1783753872371568,0.006883021355928
MensRights,,0.5,0.0,-0.05411235756535489,0.842234439875167,Indeterminate,0.2077775207894021,inf,,0.0109490520583981
TumblrInAction,,0.5,0.0,-0.05411235756535489,0.842234439875167,Indeterminate,0.30443633911306,inf,,0.0035270421995606
askscience,,0.5,0.0,-0.05411235756535489,0.842234439875167,Indeterminate,0.3058951304724802,inf,,0.0400061063394744
fatpeoplehate,,0.5,0.0,-0.05411235756535489,0.842234439875167,Indeterminate,0.2231225236397515,inf,,0.0073845486412059
funny,,0.5,0.0,-0.05411235756535489,0.842234439875167,Indeterminate,0.3370108403747981,inf,,0.0050317179680106
loseit,,0.5,0.0,-0.05411235756535489,0.842234439875167,Indeterminate,0.3417023332152069,inf,,0.0060840475912856
news,-0.9046945978990913,0.1407119631506225,-0.718576073698755,-0.05411235756535489,0.842234439875167,Governance trap,0.3441516327822558,3.6110401424871057,0.0007138958230049,0.0099188892824453
politics,,0.5,0.0,-0.05411235756535489,0.842234439875167,Indeterminate,0.2065126613153931,inf,,0.004006155721214
progresspics,,0.5,0.0,-0.05411235756535489,0.842234439875167,Structural instability,0.3989227675721413,inf,-0.1524286326216478,0.0086990084582653
science,,0.5,0.0,-0.05411235756535489,0.842234439875167,Indeterminate,0.4451934403142601,inf,,0.0332658506072752
todayilearned,,0.5,0.0,-0.05411235756535489,0.842234439875167,Structural instability,0.2428841554250595,inf,-0.0274258385599691,0.003661639182574
worldnews,,0.5,0.0,-0.05411235756535489,0.842234439875167,Indeterminate,0.295012981915051,inf,,0.004920503663857
