subreddit,banned,tier1_score,tier2_score,g_star,attention_tier,is_banned
AskHistorians,0,0.6140575972104064,0.317844731109713,0.2107528371227995,TIER1_ONLY,False
AskReddit,0,0.5107972468348022,0.9867727620172713,0.0659628967497629,TIER2_ONLY,False
CoonTown,1,0.9096798859236163,0.3911933299017875,0.1611368709232248,TIER1_ONLY,True
KotakuInAction,0,0.3769352310941691,1.0,0.0387391442280814,TIER2_ONLY,False
MensRights,0,0.15246944176961974,1.0,0.0440936797078776,TIER2_ONLY,False
TumblrInAction,0,0.23405428034210676,1.0,0.0566159034465111,TIER2_ONLY,False
askscience,0,7.758213491517767e-05,0.9499067988601094,0.0699183387900757,TIER2_ONLY,False
fatpeoplehate,1,0.14549960486955416,0.06887484516017615,0.9569619411407786,NEITHER,True
funny,0,0.3487103459037406,1.0,0.0018662450633286,TIER2_ONLY,False
loseit,0,0.1571228274320121,1.0,0.0049454659095944,TIER2_ONLY,False
news,0,0.24037332691390093,0.9841073228983773,0.0675122057465818,TIER2_ONLY,False
politics,0,0.41651064743880173,0.8819752161377363,0.0745749774928464,TIER2_ONLY,False
progresspics,0,0.13360634766649376,0.5783387223626023,0.1128788649396829,NEITHER,False
science,0,0.01124724949468302,0.5832156702979266,0.115208811153482,NEITHER,False
todayilearned,0,0.2669077902183477,0.927708111281024,0.071430545211498,TIER2_ONLY,False
worldnews,0,0.6086540805478713,1.0,0.0582364534382885,BOTH,False
