subreddit,banned,E1_enforcement_drift,E2_violation_pressure,E3_legitimacy_decay,E4_removal_concentration,loo_prob,predicted_banned,g_star
CoonTown,1,-0.0009402915880159933,0.9455350365961623,,0.9993795934861176,0.9096798859236163,1,0.1611368709232248
AskHistorians,0,-0.0017505374810448393,1.0048001826885802,0.009728938153095864,0.0,0.6140575972104064,1,0.2107528371227995
worldnews,0,4.414035173574709e-05,0.9749823796608763,-0.0012313885787277076,0.9999742948720045,0.6086540805478713,1,0.0582364534382885
AskReddit,0,-0.000139399160863953,0.9763558472463544,0.01323454345114381,0.999891789306552,0.5107972468348022,1,0.0659628967497629
politics,0,-0.00025581415569638025,0.9865992283908004,0.006794624540699756,0.9999377014799964,0.41651064743880173,0,0.0745749774928464
KotakuInAction,0,-0.0001042488873597671,0.9842869530519648,0.014767843994672764,0.9996692450746834,0.3769352310941691,0,0.0387391442280814
funny,0,0.0001506236953133329,0.9894955213861658,-0.0006024842660444853,0.9997072886435243,0.3487103459037406,0,0.0018662450633286
todayilearned,0,0.00024368444482336573,0.9940004427889891,-0.00022178222982601788,0.9999545154001661,0.2669077902183477,0,0.071430545211498
news,0,0.00036391599822475267,0.9965888409034959,-0.0023034992178986025,0.9999851574791463,0.24037332691390093,0,0.0675122057465818
TumblrInAction,0,-0.00016350470188321295,1.0083379511324742,0.0005902910725695534,0.9999395016161194,0.23405428034210676,0,0.0566159034465111
loseit,0,0.00012145543783731283,1.006420934828068,0.003730101440595895,0.9998020194020987,0.1571228274320121,0,0.0049454659095944
MensRights,0,-0.00020085118205634924,0.9826622163906558,0.007668782729486063,0.0,0.15246944176961974,0,0.0440936797078776
fatpeoplehate,1,-0.0008227681564044753,0.988659082803791,,0.9998895759717314,0.14549960486955416,0,0.9569619411407786
progresspics,0,0.0001428799306007175,0.9792332779643542,0.004398151848790214,0.0,0.13360634766649376,0,0.1128788649396829
science,0,0.0011609956328481493,1.0078737603165788,-0.004307320319413354,0.0,0.01124724949468302,0,0.115208811153482
askscience,0,0.0028284685325929352,0.9962385807254613,0.01021689744829057,0.0,7.758213491517767e-05,0,0.0699183387900757
